{
  "dist-3": 16.231101993488828,
  "dist-4": 25.79665036312435,
  "bleu-4": 0.637874900556134,
  "f1": 16.641406979018726,
  "rouge-l": 13.355126405103512,
  "rouge-1": 38.74940786357177,
  "rouge-2": 11.31286740692358,
  "loss": 6.016647371692934
}